{"min_anom": -0.07337165740696014, "max_nice": 0.25378448504258894, "baseline_mean": {"temperature": 22.943999999999992, "humidity": 61.83700000000001, "gas": 873.98, "vibration": 0.21, "current": 0.0555}, "baseline_std": {"temperature": 3.0645684521608905, "humidity": 10.532514879978555, "gas": 11.029785202630267, "vibration": 0.40936018074033237, "current": 0.07610963649681142}}